{
  "h1": 12,
  "h2": 64,
  "h3": 64,
  "lr": 0.001587035329459293,
  "weight_decay": 8.578434461841366e-08
}