{
  "h1": 32,
  "h2": 12,
  "h3": 16,
  "lr": 0.0005498586728749327,
  "weight_decay": 6.032344821483005e-06
}