{
  "h1": 32,
  "h2": 16,
  "h3": 16,
  "lr": 2.4031886649564774e-05,
  "weight_decay": 0.00015532031687493
}