{
  "h1": 8,
  "h2": 64,
  "h3": 32,
  "lr": 0.001007793390914976,
  "weight_decay": 6.121192735198283e-07
}