{
  "h1": 64,
  "h2": 32,
  "h3": 16,
  "lr": 1.3125125181186725e-05,
  "weight_decay": 3.860905354267174e-07
}