{
  "h1": 8,
  "h2": 0,
  "h3": 16,
  "lr": 4.249040323698215e-06,
  "weight_decay": 1.884742513332021e-05
}