{
  "h1": 12,
  "h2": 64,
  "h3": 16,
  "lr": 4.5307054516159204e-05,
  "weight_decay": 1.7113668880860932e-07
}