{
  "h1": 32,
  "h2": 64,
  "h3": 64,
  "lr": 0.024841031052845398,
  "weight_decay": 0.00021317505780912084
}