{
  "h1": 64,
  "h2": 32,
  "h3": 64,
  "lr": 0.0029734510344282938,
  "weight_decay": 9.886276930773334e-07
}