{
  "h1": 12,
  "h2": 0,
  "h3": 128,
  "lr": 0.0007817311235262791,
  "weight_decay": 0.0008178743575066499
}