{
  "h1": 16,
  "h2": 0,
  "h3": 64,
  "lr": 1.7525743409074553e-05,
  "weight_decay": 1.6437579007583253e-06
}