{
  "h1": 12,
  "h2": 12,
  "h3": 0,
  "lr": 4.183167084010101e-05,
  "weight_decay": 1.0127990571153949e-08
}