{
  "h1": 64,
  "h2": 12,
  "h3": 0,
  "lr": 1.9536757400672234e-05,
  "weight_decay": 1.163861806461024e-07
}