{
  "h1": 64,
  "h2": 32,
  "h3": 32,
  "lr": 4.98526353577245e-05,
  "weight_decay": 0.0004346460316638868
}