{
  "h1": 12,
  "h2": 32,
  "h3": 0,
  "lr": 2.527003395501921e-05,
  "weight_decay": 1.906478463811337e-07
}