{
  "h1": 32,
  "h2": 0,
  "h3": 16,
  "lr": 0.003430419545711306,
  "weight_decay": 5.918952046526284e-07
}