{
  "h1": 32,
  "h2": 0,
  "h3": 64,
  "lr": 2.465494284313486e-05,
  "weight_decay": 8.46090724483623e-06
}