{
  "h1": 12,
  "h2": 16,
  "h3": 32,
  "lr": 5.6648441184711624e-05,
  "weight_decay": 2.8423764519047716e-07
}