{
  "h1": 8,
  "h2": 64,
  "h3": 0,
  "lr": 0.07993700924785815,
  "weight_decay": 0.00038266987446393294
}