{
  "h1": 8,
  "h2": 32,
  "h3": 32,
  "lr": 1.6570866798870215e-05,
  "weight_decay": 3.0778222930264747e-06
}