{
  "h1": 16,
  "h2": 0,
  "h3": 16,
  "lr": 4.9533622672585424e-05,
  "weight_decay": 6.340776819239499e-07
}