{
  "h1": 64,
  "h2": 12,
  "h3": 16,
  "lr": 0.011629672965684743,
  "weight_decay": 2.3753421090967224e-06
}