{
  "h1": 32,
  "h2": 0,
  "h3": 16,
  "lr": 1.0897096500551842e-06,
  "weight_decay": 7.243378058947874e-08
}