{
  "h1": 8,
  "h2": 0,
  "h3": 16,
  "lr": 3.028779179650263e-05,
  "weight_decay": 2.7365674738277153e-06
}