{
  "h1": 64,
  "h2": 16,
  "h3": 16,
  "lr": 2.916537399237664e-06,
  "weight_decay": 4.5122804527711115e-06
}