{
  "h1": 8,
  "h2": 16,
  "h3": 16,
  "lr": 0.0001066098057179841,
  "weight_decay": 0.00031054072118065436
}