{
  "h1": 8,
  "h2": 16,
  "h3": 64,
  "lr": 0.005361320108082667,
  "weight_decay": 6.194220017462222e-08
}