{
  "h1": 64,
  "h2": 16,
  "h3": 0,
  "lr": 2.0075555607715936e-05,
  "weight_decay": 0.0006609651880148282
}