{
  "h1": 64,
  "h2": 32,
  "h3": 128,
  "lr": 0.0005475764998531695,
  "weight_decay": 6.864846932890595e-06
}