{
  "h1": 8,
  "h2": 32,
  "h3": 64,
  "lr": 0.004359952362992788,
  "weight_decay": 1.270189870751756e-06
}