{
  "h1": 12,
  "h2": 64,
  "h3": 32,
  "lr": 1.6554223516558453e-05,
  "weight_decay": 0.00013860907610374984
}