{
  "h1": 12,
  "h2": 0,
  "h3": 128,
  "lr": 6.500847158717271e-06,
  "weight_decay": 1.6464036635873787e-08
}