{
  "h1": 64,
  "h2": 12,
  "h3": 64,
  "lr": 0.001332609001176103,
  "weight_decay": 3.7971395957491767e-06
}