{
  "h1": 16,
  "h2": 32,
  "h3": 0,
  "lr": 8.834981111660623e-05,
  "weight_decay": 2.231018865879648e-07
}