{
  "h1": 8,
  "h2": 12,
  "h3": 16,
  "lr": 0.0755414273923352,
  "weight_decay": 6.591917035323946e-07
}