{
  "h1": 32,
  "h2": 0,
  "h3": 16,
  "lr": 7.740727907012916e-05,
  "weight_decay": 0.0004494674621647993
}