{
  "h1": 16,
  "h2": 32,
  "h3": 16,
  "lr": 6.091031934348668e-06,
  "weight_decay": 2.2136100415652545e-06
}