{
  "h1": 16,
  "h2": 0,
  "h3": 16,
  "lr": 0.00028731894703126163,
  "weight_decay": 2.6219136123730998e-08
}