{
  "h1": 64,
  "h2": 12,
  "h3": 128,
  "lr": 0.01686915252323675,
  "weight_decay": 5.645728591154952e-06
}