{
  "h1": 8,
  "h2": 12,
  "h3": 64,
  "lr": 8.602000854357917e-06,
  "weight_decay": 7.785048909511323e-06
}