{
  "h1": 12,
  "h2": 32,
  "h3": 64,
  "lr": 0.00011733881390341403,
  "weight_decay": 6.537406113936894e-08
}