{
  "h1": 64,
  "h2": 0,
  "h3": 64,
  "lr": 0.0002804774797889945,
  "weight_decay": 2.8973867384440227e-06
}