{
  "h1": 64,
  "h2": 12,
  "h3": 64,
  "lr": 0.025621701406580304,
  "weight_decay": 5.588357954475229e-08
}