{
  "h1": 32,
  "h2": 32,
  "h3": 128,
  "lr": 0.003456678887354127,
  "weight_decay": 1.9257615835096736e-06
}