{
  "h1": 12,
  "h2": 16,
  "h3": 0,
  "lr": 1.108682160076368e-05,
  "weight_decay": 2.1607908455335445e-05
}