{
  "h1": 64,
  "h2": 12,
  "h3": 128,
  "lr": 0.00031838543390310184,
  "weight_decay": 8.557693591954557e-06
}