{
  "h1": 12,
  "h2": 64,
  "h3": 16,
  "lr": 1.225529039765803e-06,
  "weight_decay": 6.272556951039345e-08
}