{
  "h1": 12,
  "h2": 32,
  "h3": 0,
  "lr": 3.127892976377054e-05,
  "weight_decay": 6.021137204102008e-06
}