{
  "h1": 64,
  "h2": 16,
  "h3": 16,
  "lr": 0.035194959188264575,
  "weight_decay": 9.56311531836295e-08
}