{
  "h1": 32,
  "h2": 64,
  "h3": 0,
  "lr": 8.443520864932635e-05,
  "weight_decay": 4.699102781240154e-08
}