{
  "h1": 32,
  "h2": 16,
  "h3": 32,
  "lr": 0.0012805733853223685,
  "weight_decay": 0.0006559816295284877
}