{
  "h1": 12,
  "h2": 16,
  "h3": 16,
  "lr": 0.060627714785468814,
  "weight_decay": 1.5873900608485637e-05
}