{
  "h1": 16,
  "h2": 12,
  "h3": 32,
  "lr": 0.00010132338283529799,
  "weight_decay": 0.0003382199167289845
}