{
  "h1": 64,
  "h2": 0,
  "h3": 128,
  "lr": 3.8046353785161195e-05,
  "weight_decay": 2.2670189124678198e-07
}