{
  "h1": 64,
  "h2": 12,
  "h3": 0,
  "lr": 2.2140232644523903e-05,
  "weight_decay": 3.900436789778009e-08
}