{
  "h1": 16,
  "h2": 12,
  "h3": 16,
  "lr": 1.4624897537161962e-05,
  "weight_decay": 3.228340433599569e-05
}