{
  "h1": 8,
  "h2": 16,
  "h3": 128,
  "lr": 0.00018017094805987386,
  "weight_decay": 8.652553050890055e-06
}