{
  "h1": 32,
  "h2": 0,
  "h3": 0,
  "lr": 0.00837322939117753,
  "weight_decay": 0.0001414231078856657
}