{
  "h1": 16,
  "h2": 64,
  "h3": 64,
  "lr": 2.7590357559614146e-06,
  "weight_decay": 6.715819735507168e-08
}