{
  "h1": 16,
  "h2": 16,
  "h3": 64,
  "lr": 8.953445078115787e-06,
  "weight_decay": 2.595127510378105e-05
}