{
  "h1": 16,
  "h2": 64,
  "h3": 64,
  "lr": 0.09237292877691006,
  "weight_decay": 0.0006850319674102285
}