{
  "h1": 12,
  "h2": 16,
  "h3": 32,
  "lr": 0.018114120326273974,
  "weight_decay": 1.6711963856894053e-07
}