{
  "h1": 64,
  "h2": 64,
  "h3": 0,
  "lr": 0.004191354703183574,
  "weight_decay": 0.00016720288348370102
}