{
  "h1": 16,
  "h2": 32,
  "h3": 32,
  "lr": 0.0008711402228258697,
  "weight_decay": 0.0001332665610143639
}