{
  "h1": 8,
  "h2": 64,
  "h3": 64,
  "lr": 0.002382590134163063,
  "weight_decay": 6.008622911606315e-06
}