{
  "h1": 8,
  "h2": 32,
  "h3": 16,
  "lr": 0.0039441215482544905,
  "weight_decay": 6.290858969113736e-08
}