{
  "h1": 64,
  "h2": 32,
  "h3": 16,
  "lr": 0.003478255940454376,
  "weight_decay": 5.211662969168924e-05
}