{
  "h1": 12,
  "h2": 0,
  "h3": 0,
  "lr": 0.0005796542847559063,
  "weight_decay": 2.1763097168264513e-07
}