{
  "h1": 32,
  "h2": 0,
  "h3": 64,
  "lr": 3.0349566161921227e-06,
  "weight_decay": 7.013678260230847e-06
}