{
  "h1": 64,
  "h2": 16,
  "h3": 64,
  "lr": 8.89221401369498e-05,
  "weight_decay": 1.0400086191998865e-07
}