{
  "h1": 32,
  "h2": 0,
  "h3": 128,
  "lr": 2.2704786179048157e-05,
  "weight_decay": 0.00021969144806899987
}