{
  "h1": 16,
  "h2": 64,
  "h3": 16,
  "lr": 0.0016097897328702726,
  "weight_decay": 2.4091723324426007e-05
}