{
  "h1": 64,
  "h2": 64,
  "h3": 0,
  "lr": 0.0013547331820697869,
  "weight_decay": 0.0004969462451654873
}