{
  "h1": 8,
  "h2": 32,
  "h3": 32,
  "lr": 2.7288409257536977e-06,
  "weight_decay": 0.0004524119602516336
}