{
  "h1": 8,
  "h2": 64,
  "h3": 128,
  "lr": 8.563391861667173e-06,
  "weight_decay": 6.619545996031488e-05
}