{
  "h1": 32,
  "h2": 12,
  "h3": 64,
  "lr": 0.00011931697124076718,
  "weight_decay": 7.323289848146099e-06
}