{
  "h1": 64,
  "h2": 32,
  "h3": 16,
  "lr": 6.805939088925176e-06,
  "weight_decay": 2.495581443531472e-08
}