{
  "h1": 64,
  "h2": 16,
  "h3": 64,
  "lr": 0.0012250703090804912,
  "weight_decay": 8.987840677982117e-06
}