{
  "h1": 12,
  "h2": 32,
  "h3": 0,
  "lr": 7.144873012052187e-05,
  "weight_decay": 3.5165807970072805e-05
}