{
  "h1": 64,
  "h2": 0,
  "h3": 128,
  "lr": 8.037054174863433e-05,
  "weight_decay": 6.346875854230411e-07
}