{
  "h1": 32,
  "h2": 32,
  "h3": 16,
  "lr": 0.001640765925172248,
  "weight_decay": 2.715309472291234e-07
}