{
  "h1": 8,
  "h2": 0,
  "h3": 16,
  "lr": 0.08315650735609165,
  "weight_decay": 1.0172660257090938e-05
}