{
  "h1": 12,
  "h2": 16,
  "h3": 128,
  "lr": 0.0009362626795081224,
  "weight_decay": 0.0005728974030372455
}