{
  "h1": 8,
  "h2": 12,
  "h3": 16,
  "lr": 0.055765054562241574,
  "weight_decay": 1.9791762719711765e-08
}