{
  "h1": 12,
  "h2": 32,
  "h3": 0,
  "lr": 1.8126600286612314e-05,
  "weight_decay": 3.587216238774234e-07
}