{
  "h1": 32,
  "h2": 32,
  "h3": 16,
  "lr": 1.1245076851047562e-06,
  "weight_decay": 2.052878646144886e-05
}