{
  "h1": 32,
  "h2": 64,
  "h3": 32,
  "lr": 0.0005829490369210465,
  "weight_decay": 1.3328018351324309e-05
}