{
  "h1": 12,
  "h2": 0,
  "h3": 0,
  "lr": 5.419598513884743e-06,
  "weight_decay": 0.000154814084095188
}