{
  "h1": 16,
  "h2": 64,
  "h3": 128,
  "lr": 5.805317651708269e-06,
  "weight_decay": 1.9265454126860058e-08
}