{
  "h1": 8,
  "h2": 64,
  "h3": 32,
  "lr": 0.0005213693970736015,
  "weight_decay": 6.776489742420492e-06
}