{
  "h1": 8,
  "h2": 16,
  "h3": 32,
  "lr": 0.00010059701941940048,
  "weight_decay": 1.5150406517396625e-06
}