{
  "h1": 64,
  "h2": 16,
  "h3": 32,
  "lr": 1.4613663556403346e-06,
  "weight_decay": 0.0005259201604005308
}