{
  "h1": 32,
  "h2": 12,
  "h3": 32,
  "lr": 0.005509034235420068,
  "weight_decay": 0.0004927377064826747
}