{
  "h1": 64,
  "h2": 64,
  "h3": 128,
  "lr": 0.0017311979427534006,
  "weight_decay": 0.000182627767860578
}