{
  "h1": 12,
  "h2": 12,
  "h3": 64,
  "lr": 0.0002094408799541035,
  "weight_decay": 5.93720491294132e-07
}