{
  "h1": 12,
  "h2": 12,
  "h3": 16,
  "lr": 2.065786038532697e-06,
  "weight_decay": 4.957454079036793e-07
}