{
  "h1": 12,
  "h2": 0,
  "h3": 32,
  "lr": 0.08568582474252229,
  "weight_decay": 3.4798966144485367e-08
}