{
  "h1": 16,
  "h2": 16,
  "h3": 128,
  "lr": 1.2231647984941762e-06,
  "weight_decay": 3.1713169534484915e-08
}