{
  "h1": 32,
  "h2": 32,
  "h3": 64,
  "lr": 0.005989864113960651,
  "weight_decay": 4.355843464055591e-06
}