{
  "h1": 16,
  "h2": 64,
  "h3": 0,
  "lr": 0.0018266516678318843,
  "weight_decay": 2.248625056544356e-05
}