{
  "h1": 64,
  "h2": 16,
  "h3": 32,
  "lr": 0.010580071421293878,
  "weight_decay": 1.0808780146114431e-07
}