{
  "h1": 64,
  "h2": 12,
  "h3": 128,
  "lr": 3.039174709579059e-05,
  "weight_decay": 7.276475381482939e-06
}