{
  "h1": 64,
  "h2": 0,
  "h3": 0,
  "lr": 4.619053875629223e-06,
  "weight_decay": 1.4913168778820485e-05
}