{
  "h1": 64,
  "h2": 64,
  "h3": 0,
  "lr": 5.204769427388823e-06,
  "weight_decay": 1.3606618611800517e-06
}