{
  "h1": 12,
  "h2": 32,
  "h3": 64,
  "lr": 1.3125220759252281e-05,
  "weight_decay": 1.3226130035215325e-06
}