{
  "h1": 64,
  "h2": 64,
  "h3": 64,
  "lr": 4.615621498018211e-06,
  "weight_decay": 4.998422500209092e-05
}