{
  "h1": 64,
  "h2": 12,
  "h3": 16,
  "lr": 0.0001368580044767282,
  "weight_decay": 2.5642958842737418e-08
}