{
  "h1": 32,
  "h2": 0,
  "h3": 16,
  "lr": 6.004819402848674e-06,
  "weight_decay": 4.467266413571423e-07
}