{
  "h1": 8,
  "h2": 64,
  "h3": 128,
  "lr": 6.0065115279837984e-05,
  "weight_decay": 1.6214543960083806e-06
}