{
  "h1": 12,
  "h2": 0,
  "h3": 128,
  "lr": 0.05241203635999131,
  "weight_decay": 0.00022486639354782277
}