{
  "h1": 16,
  "h2": 0,
  "h3": 32,
  "lr": 6.140576568952484e-06,
  "weight_decay": 1.0656497409742524e-05
}