{
  "h1": 64,
  "h2": 32,
  "h3": 16,
  "lr": 0.028816633901553014,
  "weight_decay": 1.725540474843387e-07
}