{
  "h1": 32,
  "h2": 32,
  "h3": 32,
  "lr": 0.001244855146213066,
  "weight_decay": 2.3601080866700594e-05
}