{
  "h1": 12,
  "h2": 16,
  "h3": 32,
  "lr": 0.00011391869484928879,
  "weight_decay": 2.9491362532584156e-07
}