{
  "h1": 32,
  "h2": 32,
  "h3": 0,
  "lr": 4.032856788328291e-06,
  "weight_decay": 0.00030503375444496783
}