{
  "h1": 16,
  "h2": 12,
  "h3": 64,
  "lr": 0.008110225137464422,
  "weight_decay": 5.636093945684812e-05
}