{
  "h1": 8,
  "h2": 32,
  "h3": 16,
  "lr": 1.3545856322146287e-06,
  "weight_decay": 4.8452819431146286e-05
}