{
  "h1": 8,
  "h2": 32,
  "h3": 16,
  "lr": 3.112025175393944e-05,
  "weight_decay": 2.110895640277758e-05
}