{
  "h1": 16,
  "h2": 0,
  "h3": 64,
  "lr": 0.09506328807232822,
  "weight_decay": 4.6609383034504864e-08
}