{
  "h1": 32,
  "h2": 16,
  "h3": 32,
  "lr": 3.669989494958507e-05,
  "weight_decay": 0.0002635994450885646
}