{
  "h1": 32,
  "h2": 12,
  "h3": 32,
  "lr": 5.427411776097257e-05,
  "weight_decay": 9.627667819693935e-06
}