{
  "h1": 12,
  "h2": 32,
  "h3": 128,
  "lr": 0.0003629617838911954,
  "weight_decay": 6.252482932989071e-07
}