{
  "h1": 12,
  "h2": 12,
  "h3": 64,
  "lr": 0.001778955532615002,
  "weight_decay": 2.851065632405902e-08
}