{
  "h1": 16,
  "h2": 32,
  "h3": 0,
  "lr": 0.00023407850994843946,
  "weight_decay": 5.956519397504387e-07
}