{
  "h1": 64,
  "h2": 32,
  "h3": 16,
  "lr": 8.026962480664365e-05,
  "weight_decay": 0.000437561351825631
}