{
  "h1": 64,
  "h2": 64,
  "h3": 0,
  "lr": 0.013767004121325473,
  "weight_decay": 2.352737439626369e-06
}