{
  "h1": 16,
  "h2": 64,
  "h3": 32,
  "lr": 0.011513522549877083,
  "weight_decay": 2.2225228627373755e-07
}