{
  "h1": 12,
  "h2": 64,
  "h3": 32,
  "lr": 0.0015972987671610238,
  "weight_decay": 1.2458617131419296e-07
}