{
  "h1": 64,
  "h2": 32,
  "h3": 0,
  "lr": 0.0017696838110674755,
  "weight_decay": 1.9457988953425018e-08
}