{
  "h1": 16,
  "h2": 64,
  "h3": 32,
  "lr": 4.31462460988016e-06,
  "weight_decay": 1.0304627847828082e-08
}