{
  "h1": 32,
  "h2": 12,
  "h3": 64,
  "lr": 5.997627261093406e-06,
  "weight_decay": 7.778504643540614e-08
}