{
  "h1": 12,
  "h2": 12,
  "h3": 16,
  "lr": 0.011723108871439665,
  "weight_decay": 0.00031082139643478926
}