{
  "h1": 64,
  "h2": 64,
  "h3": 16,
  "lr": 0.04001297599741935,
  "weight_decay": 0.00014634082086296084
}