{
  "h1": 12,
  "h2": 64,
  "h3": 128,
  "lr": 4.3896199726356054e-05,
  "weight_decay": 8.331999434188377e-05
}