{
  "h1": 8,
  "h2": 32,
  "h3": 16,
  "lr": 0.04670999936848254,
  "weight_decay": 3.789477532020959e-05
}