{
  "h1": 16,
  "h2": 64,
  "h3": 64,
  "lr": 0.010043852272368004,
  "weight_decay": 2.3869711013204633e-07
}