{
  "h1": 32,
  "h2": 0,
  "h3": 32,
  "lr": 0.003688429429256761,
  "weight_decay": 7.920959201072174e-08
}