{
  "h1": 64,
  "h2": 16,
  "h3": 128,
  "lr": 1.6724219177130421e-06,
  "weight_decay": 0.00032879196786022224
}