{
  "h1": 32,
  "h2": 0,
  "h3": 64,
  "lr": 2.5411982424426807e-06,
  "weight_decay": 0.0001398398478450762
}