{
  "h1": 64,
  "h2": 32,
  "h3": 16,
  "lr": 0.0014363268290994327,
  "weight_decay": 0.0004356214684113458
}