{
  "h1": 12,
  "h2": 16,
  "h3": 32,
  "lr": 1.3691182937158453e-05,
  "weight_decay": 4.7553498838789236e-05
}