{
  "h1": 12,
  "h2": 64,
  "h3": 0,
  "lr": 0.004850027331269284,
  "weight_decay": 1.689597917972139e-05
}