{
  "h1": 64,
  "h2": 12,
  "h3": 0,
  "lr": 0.007084840000741591,
  "weight_decay": 4.891466134264773e-07
}