{
  "h1": 12,
  "h2": 32,
  "h3": 32,
  "lr": 0.07375813527207797,
  "weight_decay": 9.187503821777306e-05
}