{
  "h1": 16,
  "h2": 12,
  "h3": 16,
  "lr": 1.8039163447825374e-05,
  "weight_decay": 4.5865954906802724e-07
}