{
  "h1": 16,
  "h2": 64,
  "h3": 64,
  "lr": 0.03242162683444738,
  "weight_decay": 4.832595474795963e-05
}