{
  "h1": 32,
  "h2": 32,
  "h3": 64,
  "lr": 0.07290522564713366,
  "weight_decay": 8.325761842892619e-07
}