{
  "h1": 16,
  "h2": 12,
  "h3": 32,
  "lr": 0.026343356343358753,
  "weight_decay": 9.616847261046625e-08
}