{
  "h1": 64,
  "h2": 32,
  "h3": 128,
  "lr": 9.635164118386915e-05,
  "weight_decay": 0.00026674502470846366
}