{
  "h1": 64,
  "h2": 64,
  "h3": 32,
  "lr": 4.555007083426647e-06,
  "weight_decay": 1.4491630174148948e-08
}