{
  "h1": 12,
  "h2": 64,
  "h3": 128,
  "lr": 0.0010476525906408355,
  "weight_decay": 2.137907494928152e-07
}