{
  "h1": 16,
  "h2": 32,
  "h3": 128,
  "lr": 6.650463572284085e-06,
  "weight_decay": 7.223832340216042e-06
}