{
  "h1": 16,
  "h2": 64,
  "h3": 0,
  "lr": 0.005296039153585741,
  "weight_decay": 2.804895105951947e-07
}