{
  "h1": 8,
  "h2": 0,
  "h3": 16,
  "lr": 0.0008874761971340005,
  "weight_decay": 7.298166677730699e-05
}