{
  "h1": 64,
  "h2": 12,
  "h3": 16,
  "lr": 4.565279239036117e-05,
  "weight_decay": 4.4907496856964513e-08
}