{
  "h1": 32,
  "h2": 0,
  "h3": 128,
  "lr": 0.09230514392494328,
  "weight_decay": 4.596871702692919e-07
}