{
  "h1": 32,
  "h2": 16,
  "h3": 0,
  "lr": 1.6846527928101085e-06,
  "weight_decay": 0.0001554293828355261
}