{
  "h1": 32,
  "h2": 12,
  "h3": 32,
  "lr": 0.001011850757952044,
  "weight_decay": 1.1115525944073406e-05
}