{
  "h1": 12,
  "h2": 16,
  "h3": 16,
  "lr": 0.009326356038585192,
  "weight_decay": 0.0006002174481021649
}