{
  "h1": 12,
  "h2": 16,
  "h3": 0,
  "lr": 5.225092644797513e-06,
  "weight_decay": 2.846880034748068e-06
}