{
  "h1": 32,
  "h2": 16,
  "h3": 32,
  "lr": 0.07866637482125764,
  "weight_decay": 2.2536192332215705e-05
}