{
  "h1": 32,
  "h2": 16,
  "h3": 128,
  "lr": 0.07765236691223497,
  "weight_decay": 1.2179646422508119e-08
}