{
  "h1": 12,
  "h2": 0,
  "h3": 32,
  "lr": 0.00010339156788951159,
  "weight_decay": 6.053645143671224e-08
}