{
  "h1": 32,
  "h2": 12,
  "h3": 128,
  "lr": 0.0003359612916238216,
  "weight_decay": 9.69889923428171e-05
}