{
  "h1": 64,
  "h2": 0,
  "h3": 16,
  "lr": 1.8845811280548227e-05,
  "weight_decay": 6.911934082294606e-08
}