{
  "h1": 32,
  "h2": 12,
  "h3": 16,
  "lr": 1.3814768992036466e-06,
  "weight_decay": 9.074699637686668e-06
}