{
  "h1": 12,
  "h2": 16,
  "h3": 32,
  "lr": 0.07012860441406599,
  "weight_decay": 2.523003361895574e-08
}