{
  "h1": 12,
  "h2": 12,
  "h3": 128,
  "lr": 0.0004300946504251896,
  "weight_decay": 1.9602532724529013e-05
}