{
  "h1": 8,
  "h2": 12,
  "h3": 64,
  "lr": 0.004250192325744989,
  "weight_decay": 0.00012956497992774939
}