{
  "h1": 32,
  "h2": 12,
  "h3": 16,
  "lr": 0.00015045306663296484,
  "weight_decay": 2.2167285263764565e-05
}