{
  "h1": 64,
  "h2": 32,
  "h3": 64,
  "lr": 0.009602805721535726,
  "weight_decay": 1.9177200019701895e-08
}