{
  "h1": 12,
  "h2": 64,
  "h3": 64,
  "lr": 0.0019204788689899815,
  "weight_decay": 2.527498830810452e-05
}