{
  "h1": 64,
  "h2": 16,
  "h3": 32,
  "lr": 7.036634726916412e-06,
  "weight_decay": 1.5762982538570974e-06
}