{
  "h1": 64,
  "h2": 0,
  "h3": 0,
  "lr": 1.6443449918815717e-06,
  "weight_decay": 1.26753586015346e-06
}