{
  "h1": 64,
  "h2": 64,
  "h3": 128,
  "lr": 3.964496806998948e-06,
  "weight_decay": 1.7539936927025065e-05
}