{
  "h1": 12,
  "h2": 32,
  "h3": 0,
  "lr": 0.006756179329338525,
  "weight_decay": 9.429262385552025e-05
}