{
  "h1": 16,
  "h2": 12,
  "h3": 64,
  "lr": 0.0015236253336723192,
  "weight_decay": 0.00012483400871873227
}