{
  "h1": 12,
  "h2": 16,
  "h3": 128,
  "lr": 0.007459619495900619,
  "weight_decay": 0.0004466808613558684
}