{
  "h1": 12,
  "h2": 64,
  "h3": 16,
  "lr": 3.0183636075548978e-05,
  "weight_decay": 7.293348070346618e-07
}