{
  "h1": 8,
  "h2": 16,
  "h3": 64,
  "lr": 8.393094740290732e-06,
  "weight_decay": 0.00018752543540120784
}