{
  "h1": 32,
  "h2": 64,
  "h3": 64,
  "lr": 0.00015010358031590705,
  "weight_decay": 0.00014514302882783598
}