{
  "h1": 16,
  "h2": 64,
  "h3": 128,
  "lr": 5.715169620631684e-06,
  "weight_decay": 1.529863972741173e-08
}