{
  "h1": 12,
  "h2": 64,
  "h3": 64,
  "lr": 2.751810664216987e-06,
  "weight_decay": 4.949321298919877e-06
}