{
  "h1": 12,
  "h2": 64,
  "h3": 0,
  "lr": 0.0003601185729153549,
  "weight_decay": 5.1183535941334106e-05
}