{
  "h1": 12,
  "h2": 64,
  "h3": 0,
  "lr": 0.04456952776213439,
  "weight_decay": 8.258500274087136e-08
}