{
  "h1": 64,
  "h2": 12,
  "h3": 0,
  "lr": 0.0002293703219464305,
  "weight_decay": 1.8746326604655704e-05
}