{
  "h1": 64,
  "h2": 0,
  "h3": 32,
  "lr": 0.00530297510388428,
  "weight_decay": 3.4162112743494197e-07
}