{
  "h1": 32,
  "h2": 16,
  "h3": 0,
  "lr": 0.042623111951568086,
  "weight_decay": 3.7516220497229677e-06
}