{
  "h1": 12,
  "h2": 0,
  "h3": 128,
  "lr": 0.0012724871100157123,
  "weight_decay": 1.9646157641883427e-08
}