{
  "h1": 12,
  "h2": 16,
  "h3": 0,
  "lr": 0.0002947716364817037,
  "weight_decay": 1.4906559949018925e-06
}