{
  "h1": 8,
  "h2": 64,
  "h3": 0,
  "lr": 1.3432729659409032e-06,
  "weight_decay": 1.2189255591827278e-08
}