{
  "h1": 32,
  "h2": 64,
  "h3": 0,
  "lr": 6.399039206173311e-05,
  "weight_decay": 6.767918277312078e-05
}