{
  "h1": 32,
  "h2": 16,
  "h3": 0,
  "lr": 1.87246872398159e-06,
  "weight_decay": 1.0302672743363117e-08
}