{
  "h1": 8,
  "h2": 0,
  "h3": 128,
  "lr": 0.00025621867660650477,
  "weight_decay": 1.7457642847620375e-07
}