{
  "h1": 64,
  "h2": 32,
  "h3": 64,
  "lr": 3.203551941339914e-06,
  "weight_decay": 0.0002644696574411813
}