{
  "h1": 32,
  "h2": 64,
  "h3": 32,
  "lr": 0.0050241989842931475,
  "weight_decay": 0.0004793507803456159
}