{
  "h1": 12,
  "h2": 0,
  "h3": 32,
  "lr": 0.0016592870866167153,
  "weight_decay": 0.0008474691368616875
}