{
  "h1": 8,
  "h2": 12,
  "h3": 128,
  "lr": 5.866464400805797e-05,
  "weight_decay": 4.669611852317218e-08
}