{
  "h1": 64,
  "h2": 16,
  "h3": 64,
  "lr": 2.474906929754427e-05,
  "weight_decay": 0.0002809210890807742
}