{
  "h1": 16,
  "h2": 32,
  "h3": 0,
  "lr": 8.753828943188533e-05,
  "weight_decay": 8.46176432286449e-06
}